time_utc_iso,twl_ft_mllw,tide_ft_mllw,surge_ft,src_time
2026-03-21T18:00:00.000Z,1.249,1.119,0.4,202603211800
2026-03-21T19:00:00.000Z,0.4,-0.011,0.4,202603211900
2026-03-21T20:00:00.000Z,-0.219,-0.58,0.5,202603212000
2026-03-21T21:00:00.000Z,0.141,-0.391,0.5,202603212100
2026-03-21T22:00:00.000Z,1.269,0.459,0.5,202603212200
2026-03-21T23:00:00.000Z,2.469,1.681,0.6,202603212300
2026-03-22T00:00:00.000Z,3.509,2.922,0.5,202603220000
2026-03-22T01:00:00.000Z,4.398,3.903,0.5,202603220100
2026-03-22T02:00:00.000Z,4.887,4.477,0.6,202603220200
2026-03-22T03:00:00.000Z,5.008,4.594,0.6,202603220300
2026-03-22T04:00:00.000Z,4.519,4.23,0.6,202603220400
2026-03-22T05:00:00.000Z,3.548,3.376,0.6,202603220500
2026-03-22T06:00:00.000Z,2.289,2.132,0.5,202603220600
2026-03-22T07:00:00.000Z,1.17,0.816,0.5,202603220700
2026-03-22T08:00:00.000Z,0.619,-0.153,0.6,202603220800
2026-03-22T09:00:00.000Z,0.38,-0.493,0.6,202603220900
2026-03-22T10:00:00.000Z,0.508,-0.154,0.6,202603221000
2026-03-22T11:00:00.000Z,1.59,0.7,0.6,202603221100
2026-03-22T12:00:00.000Z,2.82,1.767,0.6,202603221200
2026-03-22T13:00:00.000Z,3.67,2.736,0.6,202603221300
2026-03-22T14:00:00.000Z,4.329,3.406,0.7,202603221400
2026-03-22T15:00:00.000Z,4.549,3.697,0.7,202603221500
2026-03-22T16:00:00.000Z,4.418,3.58,0.7,202603221600
2026-03-22T17:00:00.000Z,3.627,3.019,0.7,202603221700
2026-03-22T18:00:00.000Z,2.289,2.03,0.7,202603221800
2026-03-22T19:00:00.000Z,1.279,0.856,0.7,202603221900
2026-03-22T20:00:00.000Z,0.688,-0.072,0.6,202603222000
2026-03-22T21:00:00.000Z,0.36,-0.416,0.6,202603222100
2026-03-22T22:00:00.000Z,0.849,-0.084,0.6,202603222200
2026-03-22T23:00:00.000Z,1.84,0.812,0.6,202603222300
2026-03-23T00:00:00.000Z,2.807,2.007,0.6,202603230000
2026-03-23T01:00:00.000Z,3.827,3.164,0.6,202603230100
2026-03-23T02:00:00.000Z,4.828,4.024,0.6,202603230200
2026-03-23T03:00:00.000Z,5.057,4.479,0.6,202603230300
2026-03-23T04:00:00.000Z,5.149,4.511,0.6,202603230400
2026-03-23T05:00:00.000Z,4.519,4.101,0.6,202603230500
2026-03-23T06:00:00.000Z,3.529,3.234,0.6,202603230600
2026-03-23T07:00:00.000Z,2.45,2.042,0.7,202603230700
2026-03-23T08:00:00.000Z,1.508,0.86,0.7,202603230800
2026-03-23T09:00:00.000Z,1.128,0.036,0.7,202603230900
2026-03-23T10:00:00.000Z,0.688,-0.235,0.7,202603231000
2026-03-23T11:00:00.000Z,1.118,0.09,0.8,202603231100
2026-03-23T12:00:00.000Z,2.191,0.879,0.9,202603231200
2026-03-23T13:00:00.000Z,2.919,1.834,0.9,202603231300
2026-03-23T14:00:00.000Z,3.88,2.662,1,202603231400
2026-03-23T15:00:00.000Z,4.578,3.204,1,202603231500
2026-03-23T16:00:00.000Z,4.769,3.418,1.1,202603231600
2026-03-23T17:00:00.000Z,4.309,3.275,1.1,202603231700
2026-03-23T18:00:00.000Z,3.398,2.724,1.1,202603231800
2026-03-23T19:00:00.000Z,2.709,1.807,1.1,202603231900
2026-03-23T20:00:00.000Z,1.669,0.795,1.1,202603232000
2026-03-23T21:00:00.000Z,1.118,0.059,1.1,202603232100
2026-03-23T22:00:00.000Z,0.751,-0.161,1.1,202603232200
2026-03-23T23:00:00.000Z,1.39,0.21,1.1,202603232300
2026-03-24T00:00:00.000Z,2.089,1.088,1,202603240000
2026-03-24T01:00:00.000Z,2.869,2.206,1,202603240100
2026-03-24T02:00:00.000Z,3.627,3.24,0.9,202603240200
2026-03-24T03:00:00.000Z,4.378,3.978,0.9,202603240300
2026-03-24T04:00:00.000Z,4.91,4.356,0.8,202603240400
2026-03-24T05:00:00.000Z,5.129,4.36,0.8,202603240500
2026-03-24T06:00:00.000Z,4.69,3.958,0.8,202603240600
2026-03-24T07:00:00.000Z,3.607,3.148,0.8,202603240700
2026-03-24T08:00:00.000Z,2.568,2.087,0.8,202603240800
2026-03-24T09:00:00.000Z,1.738,1.057,0.8,202603240900
2026-03-24T10:00:00.000Z,1.17,0.309,0.8,202603241000
2026-03-24T11:00:00.000Z,1.029,0.027,0.9,202603241100
2026-03-24T12:00:00.000Z,1.229,0.298,0.8,202603241200
2026-03-24T13:00:00.000Z,2.128,0.988,0.8,202603241300
2026-03-24T14:00:00.000Z,2.968,1.808,0.8,202603241400
2026-03-24T15:00:00.000Z,3.598,2.506,0.8,202603241500
2026-03-24T16:00:00.000Z,4.119,2.97,0.8,202603241600
2026-03-24T17:00:00.000Z,4.227,3.161,0.8,202603241700
2026-03-24T18:00:00.000Z,3.968,3.034,0.8,202603241800
2026-03-24T19:00:00.000Z,3.24,2.546,0.8,202603241900
2026-03-24T20:00:00.000Z,2.45,1.764,0.8,202603242000
2026-03-24T21:00:00.000Z,1.758,0.92,0.8,202603242100
2026-03-24T22:00:00.000Z,1.239,0.291,0.7,202603242200
2026-03-24T23:00:00.000Z,1.069,0.095,0.7,202603242300
2026-03-25T00:00:00.000Z,1.4,0.443,0.8,202603250000
2026-03-25T01:00:00.000Z,2.168,1.251,0.8,202603250100
2026-03-25T02:00:00.000Z,3.017,2.252,0.7,202603250200
2026-03-25T03:00:00.000Z,3.87,3.162,0.7,202603250300
2026-03-25T04:00:00.000Z,4.49,3.819,0.7,202603250400
2026-03-25T05:00:00.000Z,4.739,4.171,0.6,202603250500
2026-03-25T06:00:00.000Z,4.628,4.188,0.7,202603250600
2026-03-25T07:00:00.000Z,3.998,3.842,0.6,202603250700
2026-03-25T08:00:00.000Z,3.007,3.154,0.6,202603250800
2026-03-25T09:00:00.000Z,1.908,2.245,0.5,202603250900
2026-03-25T10:00:00.000Z,1.088,1.311,0.5,202603251000
2026-03-25T11:00:00.000Z,0.478,0.57,0.4,202603251100
2026-03-25T12:00:00.000Z,0.239,0.241,0.4,202603251200
2026-03-25T13:00:00.000Z,0.488,0.428,0.4,202603251300
2026-03-25T14:00:00.000Z,1.17,1.001,0.4,202603251400
2026-03-25T15:00:00.000Z,1.748,1.703,0.3,202603251500
2026-03-25T16:00:00.000Z,2.358,2.329,0.3,202603251600
2026-03-25T17:00:00.000Z,2.728,2.771,0.3,202603251700
2026-03-25T18:00:00.000Z,2.869,2.977,0.2,202603251800
2026-03-25T19:00:00.000Z,2.689,2.903,0.2,202603251900
2026-03-25T20:00:00.000Z,2.02,2.525,0.2,202603252000
2026-03-25T21:00:00.000Z,1.371,1.887,0.2,202603252100
2026-03-25T22:00:00.000Z,0.829,1.144,0.2,202603252200
2026-03-25T23:00:00.000Z,0.518,0.535,0.2,202603252300
2026-03-26T00:00:00.000Z,0.531,0.304,0.1,202603260000
2026-03-26T01:00:00.000Z,0.76,0.577,0.1,202603260100
2026-03-26T02:00:00.000Z,1.459,1.272,0.1,202603260200
2026-03-26T03:00:00.000Z,2.338,2.157,0.1,202603260300
2026-03-26T04:00:00.000Z,3.168,2.989,0.1,202603260400
2026-03-26T05:00:00.000Z,3.89,3.617,0.1,202603260500
2026-03-26T06:00:00.000Z,4.168,3.977,0.1,202603260600
2026-03-26T07:00:00.000Z,4.139,4.043,0.1,202603260700
2026-03-26T08:00:00.000Z,3.66,3.796,0.1,202603260800
2026-03-26T09:00:00.000Z,2.768,3.237,0.1,202603260900
2026-03-26T10:00:00.000Z,1.981,2.431,0,202603261000
2026-03-26T11:00:00.000Z,1.298,1.531,0,202603261100
2026-03-26T12:00:00.000Z,0.61,0.764,0.1,202603261200
2026-03-26T13:00:00.000Z,0.488,0.361,0,202603261300
2026-03-26T14:00:00.000Z,0.498,0.442,0,202603261400
2026-03-26T15:00:00.000Z,1.069,0.919,0,202603261500
2026-03-26T16:00:00.000Z,1.82,1.572,0,202603261600
2026-03-26T17:00:00.000Z,2.289,2.194,0,202603261700
2026-03-26T18:00:00.000Z,2.597,2.66,0,202603261800
2026-03-26T19:00:00.000Z,2.869,2.917,0,202603261900
2026-03-26T20:00:00.000Z,2.709,2.927,0,202603262000
2026-03-26T21:00:00.000Z,2.279,2.653,0,202603262100
2026-03-26T22:00:00.000Z,1.689,2.098,0,202603262200
2026-03-26T23:00:00.000Z,0.961,1.382,-0.1,202603262300
2026-03-27T00:00:00.000Z,0.34,0.74,-0.1,202603270000
2026-03-27T01:00:00.000Z,0.046,0.424,-0.1,202603270100
2026-03-27T02:00:00.000Z,0.219,0.576,-0.1,202603270200
2026-03-27T03:00:00.000Z,0.727,1.162,-0.2,202603270300
2026-03-27T04:00:00.000Z,1.568,1.982,-0.2,202603270400
2026-03-27T05:00:00.000Z,2.301,2.793,-0.3,202603270500
2026-03-27T06:00:00.000Z,2.96,3.431,-0.3,202603270600
2026-03-27T07:00:00.000Z,3.285,3.834,-0.4,202603270700
2026-03-27T08:00:00.000Z,3.452,3.98,-0.4,202603270800
2026-03-27T09:00:00.000Z,3.221,3.827,-0.5,202603270900
2026-03-27T10:00:00.000Z,2.756,3.341,-0.5,202603271000
2026-03-27T11:00:00.000Z,2.006,2.569,-0.5,202603271100
2026-03-27T12:00:00.000Z,1.1,1.663,-0.5,202603271200
2026-03-27T13:00:00.000Z,0.378,0.841,-0.4,202603271300
2026-03-27T14:00:00.000Z,-0.122,0.341,-0.4,202603271400
2026-03-27T15:00:00.000Z,-0.125,0.338,-0.4,202603271500
2026-03-27T16:00:00.000Z,0.329,0.792,-0.4,202603271600
2026-03-27T17:00:00.000Z,1.107,1.47,-0.3,202603271700
2026-03-27T18:00:00.000Z,1.777,2.14,-0.3,202603271800
2026-03-27T19:00:00.000Z,2.415,2.678,-0.2,202603271900
2026-03-27T20:00:00.000Z,2.859,3.022,-0.1,202603272000
2026-03-27T21:00:00.000Z,2.948,3.111,-0.1,202603272100
2026-03-27T22:00:00.000Z,2.816,2.879,0,202603272200
2026-03-27T23:00:00.000Z,2.263,2.326,0,202603272300
2026-03-28T00:00:00.000Z,1.516,1.579,0,202603280000
2026-03-28T01:00:00.000Z,0.795,0.858,0,202603280100
2026-03-28T02:00:00.000Z,0.447,0.41,0.1,202603280200
2026-03-28T03:00:00.000Z,0.481,0.444,0.1,202603280300
2026-03-28T04:00:00.000Z,1.012,0.975,0.1,202603280400
2026-03-28T05:00:00.000Z,1.827,1.79,0.1,202603280500
2026-03-28T06:00:00.000Z,2.658,2.621,0.1,202603280600
2026-03-28T07:00:00.000Z,3.446,3.309,0.2,202603280700
2026-03-28T08:00:00.000Z,3.927,3.79,0.2,202603280800
2026-03-28T09:00:00.000Z,4.148,4.011,0.2,202603280900
2026-03-28T10:00:00.000Z,4.034,3.897,0.2,202603281000
2026-03-28T11:00:00.000Z,3.549,3.412,0.2,202603281100
2026-03-28T12:00:00.000Z,2.758,2.621,0.2,202603281200
2026-03-28T13:00:00.000Z,1.805,1.668,0.2,202603281300
2026-03-28T14:00:00.000Z,0.894,0.757,0.2,202603281400
2026-03-28T15:00:00.000Z,0.323,0.186,0.2,202603281500
2026-03-28T16:00:00.000Z,0.421,0.184,0.3,202603281600
2026-03-28T17:00:00.000Z,0.928,0.691,0.3,202603281700
2026-03-28T18:00:00.000Z,1.679,1.442,0.3,202603281800
2026-03-28T19:00:00.000Z,2.541,2.204,0.4,202603281900
2026-03-28T20:00:00.000Z,3.184,2.847,0.4,202603282000
2026-03-28T21:00:00.000Z,3.612,3.275,0.4,202603282100
2026-03-28T22:00:00.000Z,3.726,3.389,0.4,202603282200
2026-03-28T23:00:00.000Z,3.464,3.127,0.4,202603282300
2026-03-29T00:00:00.000Z,2.855,2.518,0.4,202603290000
2026-03-29T01:00:00.000Z,2.025,1.688,0.4,202603290100
2026-03-29T02:00:00.000Z,1.174,0.837,0.4,202603290200
2026-03-29T03:00:00.000Z,0.601,0.264,0.4,202603290300
2026-03-29T04:00:00.000Z,0.583,0.246,0.4,202603290400
2026-03-29T05:00:00.000Z,1.122,0.785,0.4,202603290500
2026-03-29T06:00:00.000Z,1.97,1.633,0.4,202603290600
2026-03-29T07:00:00.000Z,2.857,2.52,0.4,202603290700
2026-03-29T08:00:00.000Z,3.624,3.287,0.4,202603290800
2026-03-29T09:00:00.000Z,4.176,3.839,0.4,202603290900
2026-03-29T10:00:00.000Z,4.319,4.082,0.3,202603291000
2026-03-29T11:00:00.000Z,4.177,3.94,0.3,202603291100
2026-03-29T12:00:00.000Z,3.644,3.407,0.3,202603291200
2026-03-29T13:00:00.000Z,2.789,2.552,0.3,202603291300
2026-03-29T14:00:00.000Z,1.642,1.505,0.2,202603291400
2026-03-29T15:00:00.000Z,0.658,0.521,0.2,202603291500
2026-03-29T16:00:00.000Z,0.106,-0.031,0.2,202603291600
2026-03-29T17:00:00.000Z,0.198,0.061,0.2,202603291700
2026-03-29T18:00:00.000Z,0.716,0.679,0.1,202603291800
2026-03-29T19:00:00.000Z,1.581,1.544,0.1,202603291900
2026-03-29T20:00:00.000Z,2.459,2.422,0.1,202603292000
2026-03-29T21:00:00.000Z,3.089,3.152,0,202603292100
2026-03-29T22:00:00.000Z,3.539,3.602,0,202603292200
2026-03-29T23:00:00.000Z,3.612,3.675,0,202603292300
2026-03-30T00:00:00.000Z,3.271,3.334,0,202603300000
2026-03-30T01:00:00.000Z,2.557,2.62,0,202603300100
2026-03-30T02:00:00.000Z,1.488,1.651,-0.1,202603300200
2026-03-30T03:00:00.000Z,0.504,0.667,-0.1,202603300300
2026-03-30T04:00:00.000Z,-0.119,0.044,-0.1,202603300400
2026-03-30T05:00:00.000Z,-0.105,0.058,-0.1,202603300500
2026-03-30T06:00:00.000Z,0.396,0.659,-0.2,202603300600
2026-03-30T07:00:00.000Z,1.314,1.577,-0.2,202603300700
2026-03-30T08:00:00.000Z,2.28,2.543,-0.2,202603300800
2026-03-30T09:00:00.000Z,3.107,3.37,-0.2,202603300900
2026-03-30T10:00:00.000Z,3.666,3.929,-0.2,202603301000
2026-03-30T11:00:00.000Z,3.765,4.128,-0.3,202603301100
2026-03-30T12:00:00.000Z,3.551,3.914,-0.3,202603301200
2026-03-30T13:00:00.000Z,2.928,3.291,-0.3,202603301300
2026-03-30T14:00:00.000Z,1.96,2.323,-0.3,202603301400
2026-03-30T15:00:00.000Z,0.819,1.182,-0.3,202603301500
2026-03-30T16:00:00.000Z,-0.155,0.208,-0.3,202603301600
2026-03-30T17:00:00.000Z,-0.583,-0.22,-0.3,202603301700
2026-03-30T18:00:00.000Z,-0.325,0.038,-0.3,202603301800
2026-03-30T19:00:00.000Z,0.454,0.817,-0.3,202603301900
2026-03-30T20:00:00.000Z,1.456,1.819,-0.3,202603302000
2026-03-30T21:00:00.000Z,2.421,2.784,-0.3,202603302100
2026-03-30T22:00:00.000Z,3.164,3.527,-0.3,202603302200
2026-03-30T23:00:00.000Z,3.562,3.925,-0.3,202603302300
2026-03-31T00:00:00.000Z,3.541,3.904,-0.3,202603310000
